{"v":"5.0.4","fr":60,"ip":0,"op":121,"w":360,"h":128,"ddd":0,"assets":[],"layers":[{"ddd":0,"ind":1,"ty":4,"sr":1,"ks":{"o":{"a":0,"k":100,"ix":11},"r":{"a":1,"k":[{"i":{"x":[0.2],"y":[1]},"o":{"x":[0.4],"y":[0]},"n":["0p2_1_0p4_0"],"t":10,"s":[0],"e":[-10]},{"i":{"x":[0.2],"y":[1]},"o":{"x":[0.4],"y":[0]},"n":["0p2_1_0p4_0"],"t":30,"s":[-10],"e":[-10]},{"i":{"x":[0.2],"y":[1]},"o":{"x":[0.4],"y":[0]},"n":["0p2_1_0p4_0"],"t":40,"s":[-10],"e":[-14]},{"i":{"x":[0.2],"y":[1]},"o":{"x":[0.4],"y":[0]},"n":["0p2_1_0p4_0"],"t":50,"s":[-14],"e":[-10]},{"i":{"x":[0.2],"y":[1]},"o":{"x":[0.4],"y":[0]},"n":["0p2_1_0p4_0"],"t":65,"s":[-10],"e":[-14]},{"i":{"x":[0.2],"y":[1]},"o":{"x":[0.4],"y":[0]},"n":["0p2_1_0p4_0"],"t":75,"s":[-14],"e":[-10]},{"i":{"x":[0.2],"y":[1]},"o":{"x":[0.4],"y":[0]},"n":["0p2_1_0p4_0"],"t":100,"s":[-10],"e":[0]},{"t":115}],"ix":10},"p":{"a":1,"k":[{"i":{"x":0.2,"y":1},"o":{"x":0.4,"y":0},"n":"0p2_1_0p4_0","t":10,"s":[171.25,51.5,0],"e":[169.25,51.5,0],"to":[-0.33333334326744,0,0],"ti":[0.5,0,0]},{"i":{"x":0.2,"y":0.2},"o":{"x":0.4,"y":0.4},"n":"0p2_0p2_0p4_0p4","t":30,"s":[169.25,51.5,0],"e":[169.25,51.5,0],"to":[0,0,0],"ti":[0,0,0]},{"i":{"x":0.2,"y":1},"o":{"x":0.4,"y":0},"n":"0p2_1_0p4_0","t":40,"s":[169.25,51.5,0],"e":[168.25,52.5,0],"to":[0,0,0],"ti":[0,0,0]},{"i":{"x":0.2,"y":1},"o":{"x":0.4,"y":0},"n":"0p2_1_0p4_0","t":50,"s":[168.25,52.5,0],"e":[169.25,51.5,0],"to":[0,0,0],"ti":[0,0,0]},{"i":{"x":0.2,"y":1},"o":{"x":0.4,"y":0},"n":"0p2_1_0p4_0","t":65,"s":[169.25,51.5,0],"e":[168.25,52.5,0],"to":[0,0,0],"ti":[0,0,0]},{"i":{"x":0.2,"y":1},"o":{"x":0.4,"y":0},"n":"0p2_1_0p4_0","t":75,"s":[168.25,52.5,0],"e":[169.25,51.5,0],"to":[0,0,0],"ti":[0,0,0]},{"i":{"x":0.2,"y":1},"o":{"x":0.4,"y":0},"n":"0p2_1_0p4_0","t":100,"s":[169.25,51.5,0],"e":[171.25,51.5,0],"to":[0.5,0,0],"ti":[-0.33333334326744,0,0]},{"t":115}],"ix":2},"a":{"a":0,"k":[-8.85,-19.5,0],"ix":1},"s":{"a":0,"k":[100,100,100],"ix":6}},"ao":0,"shapes":[{"ty":"gr","it":[{"ind":0,"ty":"sh","ix":1,"ks":{"a":0,"k":{"i":[[0.5,0],[0,-0.5],[3.8,0],[0,0.4],[0.5,0],[0,-0.5],[-4.5,0],[-0.1,1.9]],"o":[[-0.5,0],[0,0.1],[-3.7,0],[0,-0.5],[-0.5,0],[0.1,1.8],[4.4,0],[0,-0.6]],"v":[[-4.2,-17.8],[-5.2,-16.9],[-9.2,-13.4],[-13.2,-16.9],[-14.2,-17.8],[-15.1,-16.8],[-9.2,-11.5],[-3.3,-16.8]],"c":true},"ix":2},"hd":false},{"ty":"fl","c":{"a":0,"k":[0.258823543787,0.521568655968,0.956862747669,1],"ix":4},"o":{"a":0,"k":100,"ix":5},"r":1,"hd":false},{"ty":"tr","p":{"a":0,"k":[0,0],"ix":2},"a":{"a":0,"k":[0,0],"ix":1},"s":{"a":0,"k":[100,100],"ix":3},"r":{"a":0,"k":0,"ix":6},"o":{"a":0,"k":100,"ix":7},"sk":{"a":0,"k":0,"ix":4},"sa":{"a":0,"k":0,"ix":5}}],"np":2,"cix":2,"ix":1,"hd":false},{"ty":"gr","it":[{"d":1,"ty":"el","s":{"a":0,"k":[5.4,5.4],"ix":2},"p":{"a":0,"k":[0,0],"ix":3},"hd":false},{"ty":"fl","c":{"a":0,"k":[0.258823543787,0.521568655968,0.956862747669,1],"ix":4},"o":{"a":0,"k":100,"ix":5},"r":1,"hd":false},{"ty":"tr","p":{"a":0,"k":[-2.4,-23],"ix":2},"a":{"a":0,"k":[0,0],"ix":1},"s":{"a":0,"k":[100,100],"ix":3},"r":{"a":0,"k":0,"ix":6},"o":{"a":0,"k":100,"ix":7},"sk":{"a":0,"k":0,"ix":4},"sa":{"a":0,"k":0,"ix":5}}],"np":2,"cix":2,"ix":2,"hd":false},{"ty":"gr","it":[{"d":1,"ty":"el","s":{"a":0,"k":[5.4,5.4],"ix":2},"p":{"a":0,"k":[0,0],"ix":3},"hd":false},{"ty":"fl","c":{"a":0,"k":[0.258823543787,0.521568655968,0.956862747669,1],"ix":4},"o":{"a":0,"k":100,"ix":5},"r":1,"hd":false},{"ty":"tr","p":{"a":0,"k":[-15.8,-23],"ix":2},"a":{"a":0,"k":[0,0],"ix":1},"s":{"a":0,"k":[100,100],"ix":3},"r":{"a":0,"k":0,"ix":6},"o":{"a":0,"k":100,"ix":7},"sk":{"a":0,"k":0,"ix":4},"sa":{"a":0,"k":0,"ix":5}}],"np":2,"cix":2,"ix":3,"hd":false}],"ip":0,"op":121,"st":0,"bm":0},{"ddd":0,"ind":2,"ty":4,"sr":1,"ks":{"o":{"a":0,"k":100,"ix":11},"r":{"a":1,"k":[{"i":{"x":[0.2],"y":[1]},"o":{"x":[0.4],"y":[0]},"n":["0p2_1_0p4_0"],"t":10,"s":[0],"e":[-4]},{"i":{"x":[0.2],"y":[1]},"o":{"x":[0.4],"y":[0]},"n":["0p2_1_0p4_0"],"t":25,"s":[-4],"e":[-4]},{"i":{"x":[0.2],"y":[1]},"o":{"x":[0.4],"y":[0]},"n":["0p2_1_0p4_0"],"t":100,"s":[-4],"e":[0]},{"t":110}],"ix":10},"p":{"a":1,"k":[{"i":{"x":0.2,"y":1},"o":{"x":0.4,"y":0},"n":"0p2_1_0p4_0","t":10,"s":[180,66.75,0],"e":[177,66.75,0],"to":[-0.5,0,0],"ti":[0.5,0,0]},{"i":{"x":0.2,"y":0.2},"o":{"x":0.4,"y":0.4},"n":"0p2_0p2_0p4_0p4","t":25,"s":[177,66.75,0],"e":[177,66.75,0],"to":[0,0,0],"ti":[0,0,0]},{"i":{"x":0.2,"y":1},"o":{"x":0.4,"y":0},"n":"0p2_1_0p4_0","t":100,"s":[177,66.75,0],"e":[180,66.75,0],"to":[0.5,0,0],"ti":[-0.5,0,0]},{"t":110}],"ix":2},"a":{"a":0,"k":[-0.1,-4.25,0],"ix":1},"s":{"a":0,"k":[100,100,100],"ix":6}},"ao":0,"shapes":[{"ty":"gr","it":[{"ty":"gr","it":[{"ind":0,"ty":"sh","ix":1,"ks":{"a":0,"k":{"i":[[0,0],[-2.3,-1.5],[0,0],[0.3,6]],"o":[[0,0],[0,0],[0,-0.1],[0,0]],"v":[[-17.5,-6.3],[-12.4,2.2],[-12.4,2.2],[-17.5,-6.3]],"c":true},"ix":2},"hd":false},{"ty":"fl","c":{"a":0,"k":[0.541176497936,0.705882370472,0.972549021244,1],"ix":4},"o":{"a":0,"k":100,"ix":5},"r":1,"hd":false},{"ty":"tr","p":{"a":0,"k":[0,0],"ix":2},"a":{"a":0,"k":[0,0],"ix":1},"s":{"a":0,"k":[100,100],"ix":3},"r":{"a":0,"k":0,"ix":6},"o":{"a":0,"k":100,"ix":7},"sk":{"a":0,"k":0,"ix":4},"sa":{"a":0,"k":0,"ix":5}}],"np":2,"cix":2,"ix":1,"hd":false},{"ty":"gr","it":[{"ind":0,"ty":"sh","ix":1,"ks":{"a":0,"k":{"i":[[0,0],[-2.4,-3.5],[-1.5,0.3],[0.3,2.2],[0,0]],"o":[[0,0],[0.9,1.3],[2.2,-0.4],[0,0],[0,0]],"v":[[-20.2,-12.9],[-14,0.8],[-10,2.5],[-6.6,-2.1],[-7.4,-7.3]],"c":true},"ix":2},"hd":false},{"ty":"fl","c":{"a":0,"k":[0.819607853889,0.886274516582,0.992156863213,1],"ix":4},"o":{"a":0,"k":100,"ix":5},"r":1,"hd":false},{"ty":"tr","p":{"a":0,"k":[0,0],"ix":2},"a":{"a":0,"k":[0,0],"ix":1},"s":{"a":0,"k":[100,100],"ix":3},"r":{"a":0,"k":0,"ix":6},"o":{"a":0,"k":100,"ix":7},"sk":{"a":0,"k":0,"ix":4},"sa":{"a":0,"k":0,"ix":5}}],"np":2,"cix":2,"ix":2,"hd":false},{"ty":"tr","p":{"a":1,"k":[{"i":{"x":0.2,"y":1},"o":{"x":0.4,"y":0},"n":"0p2_1_0p4_0","t":10,"s":[0,0],"e":[2,1],"to":[0.33333334326744,0.16666667163372],"ti":[-0.33333334326744,-0.16666667163372]},{"i":{"x":0.2,"y":0.2},"o":{"x":0.4,"y":0.4},"n":"0p2_0p2_0p4_0p4","t":25,"s":[2,1],"e":[2,1],"to":[0,0],"ti":[0,0]},{"i":{"x":0.2,"y":1},"o":{"x":0.4,"y":0},"n":"0p2_1_0p4_0","t":35,"s":[2,1],"e":[4,3],"to":[0,0],"ti":[0,0]},{"i":{"x":0.2,"y":0.2},"o":{"x":0.4,"y":0.4},"n":"0p2_0p2_0p4_0p4","t":40,"s":[4,3],"e":[4,3],"to":[0,0],"ti":[0,0]},{"i":{"x":0.2,"y":1},"o":{"x":0.4,"y":0},"n":"0p2_1_0p4_0","t":45,"s":[4,3],"e":[2,1],"to":[0,0],"ti":[0,0]},{"i":{"x":0.2,"y":1},"o":{"x":0.4,"y":0},"n":"0p2_1_0p4_0","t":60,"s":[2,1],"e":[4,3],"to":[0,0],"ti":[0,0]},{"i":{"x":0.2,"y":0.2},"o":{"x":0.4,"y":0.4},"n":"0p2_0p2_0p4_0p4","t":65,"s":[4,3],"e":[4,3],"to":[0,0],"ti":[0,0]},{"i":{"x":0.2,"y":1},"o":{"x":0.4,"y":0},"n":"0p2_1_0p4_0","t":70,"s":[4,3],"e":[2,1],"to":[0,0],"ti":[0,0]},{"i":{"x":0.833,"y":1},"o":{"x":0.4,"y":0},"n":"0p833_1_0p4_0","t":100,"s":[2,1],"e":[0,0],"to":[-0.33333334326744,-0.16666667163372],"ti":[0.33333334326744,0.16666667163372]},{"t":110}],"ix":2},"a":{"a":0,"k":[0,0],"ix":1},"s":{"a":0,"k":[100,100],"ix":3},"r":{"a":0,"k":0,"ix":6},"o":{"a":0,"k":100,"ix":7},"sk":{"a":0,"k":0,"ix":4},"sa":{"a":0,"k":0,"ix":5}}],"np":2,"cix":2,"ix":1,"hd":false},{"ty":"gr","it":[{"ty":"gr","it":[{"ind":0,"ty":"sh","ix":1,"ks":{"a":0,"k":{"i":[[4.3,4.7],[-9.3,1.3],[0,0]],"o":[[0,0],[0,0],[0,0]],"v":[[-1.8,-1.3],[11,-0.2],[11,-0.2]],"c":true},"ix":2},"hd":false},{"ty":"fl","c":{"a":0,"k":[0.541176497936,0.705882370472,0.972549021244,1],"ix":4},"o":{"a":0,"k":100,"ix":5},"r":1,"hd":false},{"ty":"tr","p":{"a":0,"k":[0,0],"ix":2},"a":{"a":0,"k":[0,0],"ix":1},"s":{"a":0,"k":[100,100],"ix":3},"r":{"a":0,"k":0,"ix":6},"o":{"a":0,"k":100,"ix":7},"sk":{"a":0,"k":0,"ix":4},"sa":{"a":0,"k":0,"ix":5}}],"np":2,"cix":2,"ix":1,"hd":false},{"ty":"gr","it":[{"ind":0,"ty":"sh","ix":1,"ks":{"a":0,"k":{"i":[[0,0],[3.9,-1.7],[0,-1.6],[-2.2,-0.1],[0,0]],"o":[[0,0],[-1.4,0.7],[0,2.2],[0,0],[0,0]],"v":[[14.2,-11.4],[-0.4,-7.8],[-2.8,-4.1],[1.1,0.1],[6.4,0.3]],"c":true},"ix":2},"hd":false},{"ty":"fl","c":{"a":0,"k":[0.819607853889,0.886274516582,0.992156863213,1],"ix":4},"o":{"a":0,"k":100,"ix":5},"r":1,"hd":false},{"ty":"tr","p":{"a":0,"k":[0,0],"ix":2},"a":{"a":0,"k":[0,0],"ix":1},"s":{"a":0,"k":[100,100],"ix":3},"r":{"a":0,"k":0,"ix":6},"o":{"a":0,"k":100,"ix":7},"sk":{"a":0,"k":0,"ix":4},"sa":{"a":0,"k":0,"ix":5}}],"np":2,"cix":2,"ix":2,"hd":false},{"ty":"tr","p":{"a":1,"k":[{"i":{"x":0.2,"y":1},"o":{"x":0.4,"y":0},"n":"0p2_1_0p4_0","t":10,"s":[-1,0],"e":[5,-4],"to":[1,-0.66666668653488],"ti":[-1,0.66666668653488]},{"i":{"x":0.2,"y":0.2},"o":{"x":0.4,"y":0.4},"n":"0p2_0p2_0p4_0p4","t":25,"s":[5,-4],"e":[5,-4],"to":[0,0],"ti":[0,0]},{"i":{"x":0.2,"y":1},"o":{"x":0.4,"y":0},"n":"0p2_1_0p4_0","t":40,"s":[5,-4],"e":[5,-5],"to":[0,0],"ti":[0,0]},{"i":{"x":0.2,"y":1},"o":{"x":0.4,"y":0},"n":"0p2_1_0p4_0","t":50,"s":[5,-5],"e":[5,-4],"to":[0,0],"ti":[0,0]},{"i":{"x":0.2,"y":1},"o":{"x":0.4,"y":0},"n":"0p2_1_0p4_0","t":65,"s":[5,-4],"e":[5,-5],"to":[0,0],"ti":[0,0]},{"i":{"x":0.2,"y":1},"o":{"x":0.4,"y":0},"n":"0p2_1_0p4_0","t":75,"s":[5,-5],"e":[5,-4],"to":[0,0],"ti":[0,0]},{"i":{"x":0.833,"y":1},"o":{"x":0.4,"y":0},"n":"0p833_1_0p4_0","t":100,"s":[5,-4],"e":[-1,0],"to":[0,0],"ti":[1,-0.66666668653488]},{"t":110}],"ix":2},"a":{"a":0,"k":[0,0],"ix":1},"s":{"a":0,"k":[100,100],"ix":3},"r":{"a":1,"k":[{"i":{"x":[0.2],"y":[1]},"o":{"x":[0.4],"y":[0]},"n":["0p2_1_0p4_0"],"t":10,"s":[0],"e":[30]},{"i":{"x":[0.2],"y":[1]},"o":{"x":[0.4],"y":[0]},"n":["0p2_1_0p4_0"],"t":25,"s":[30],"e":[30]},{"i":{"x":[0.833],"y":[1]},"o":{"x":[0.4],"y":[0]},"n":["0p833_1_0p4_0"],"t":100,"s":[30],"e":[0]},{"t":110}],"ix":6},"o":{"a":0,"k":100,"ix":7},"sk":{"a":0,"k":0,"ix":4},"sa":{"a":0,"k":0,"ix":5}}],"np":2,"cix":2,"ix":2,"hd":false}],"ip":0,"op":121,"st":0,"bm":0},{"ddd":0,"ind":3,"ty":4,"sr":1,"ks":{"o":{"a":0,"k":100,"ix":11},"r":{"a":1,"k":[{"i":{"x":[0.2],"y":[1]},"o":{"x":[0.4],"y":[0]},"n":["0p2_1_0p4_0"],"t":10,"s":[0],"e":[17]},{"i":{"x":[0.2],"y":[1]},"o":{"x":[0.4],"y":[0]},"n":["0p2_1_0p4_0"],"t":25,"s":[17],"e":[17]},{"i":{"x":[0.2],"y":[1]},"o":{"x":[0.4],"y":[0]},"n":["0p2_1_0p4_0"],"t":40,"s":[17],"e":[11.967]},{"i":{"x":[0.2],"y":[1]},"o":{"x":[0.4],"y":[0]},"n":["0p2_1_0p4_0"],"t":45,"s":[11.967],"e":[11.967]},{"i":{"x":[0.2],"y":[1]},"o":{"x":[0.4],"y":[0]},"n":["0p2_1_0p4_0"],"t":50,"s":[11.967],"e":[17]},{"i":{"x":[0.2],"y":[1]},"o":{"x":[0.4],"y":[0]},"n":["0p2_1_0p4_0"],"t":65,"s":[17],"e":[11.967]},{"i":{"x":[0.2],"y":[1]},"o":{"x":[0.4],"y":[0]},"n":["0p2_1_0p4_0"],"t":70,"s":[11.967],"e":[11.967]},{"i":{"x":[0.2],"y":[1]},"o":{"x":[0.4],"y":[0]},"n":["0p2_1_0p4_0"],"t":75,"s":[11.967],"e":[17]},{"i":{"x":[0.2],"y":[1]},"o":{"x":[0.4],"y":[0]},"n":["0p2_1_0p4_0"],"t":100,"s":[17],"e":[0]},{"t":110}],"ix":10},"p":{"a":1,"k":[{"i":{"x":0.2,"y":1},"o":{"x":0.4,"y":0},"n":"0p2_1_0p4_0","t":10,"s":[161.5,79,0],"e":[161.5,77,0],"to":[0,-0.33333334326744,0],"ti":[0,0.33333334326744,0]},{"i":{"x":0.2,"y":0.2},"o":{"x":0.4,"y":0.4},"n":"0p2_0p2_0p4_0p4","t":25,"s":[161.5,77,0],"e":[161.5,77,0],"to":[0,0,0],"ti":[0,0,0]},{"i":{"x":0.2,"y":1},"o":{"x":0.4,"y":0},"n":"0p2_1_0p4_0","t":100,"s":[161.5,77,0],"e":[161.5,79,0],"to":[0,0,0],"ti":[0,-0.33333334326744,0]},{"t":110}],"ix":2},"a":{"a":0,"k":[-19.917,10.144,0],"ix":1},"s":{"a":0,"k":[100,100,100],"ix":6}},"ao":0,"shapes":[{"ty":"gr","it":[{"ind":0,"ty":"sh","ix":1,"ks":{"a":0,"k":{"i":[[0.1,0.5],[2.8,4.2],[0,0],[0.4,0.3],[-0.5,-2.5],[-0.2,-1.1],[0.2,-1.5],[0.8,-1.4],[0.7,0.6],[0,0],[0,0],[-0.2,0.3],[0,0]],"o":[[2.1,-4.6],[0,0],[0.4,-0.4],[-1.8,0.6],[0.2,1.1],[0.4,1.5],[-0.2,1.6],[-0.2,0.5],[0,0],[0,0],[0.2,0.2],[0,0],[0.4,-0.4]],"v":[[-14.2,29.1],[-15.3,14.9],[-12.3,11.3],[-12.4,9.9],[-18.2,14.2],[-17.1,17.3],[-17.2,21.7],[-18.4,26.4],[-20.5,28.1],[-18.7,29.6],[-16.2,31.7],[-15.4,31.6],[-14.6,30.6]],"c":true},"ix":2},"hd":false},{"ty":"fl","c":{"a":0,"k":[0.101960785687,0.450980395079,0.909803926945,1],"ix":4},"o":{"a":0,"k":100,"ix":5},"r":1,"hd":false},{"ty":"tr","p":{"a":0,"k":[0,0],"ix":2},"a":{"a":0,"k":[0,0],"ix":1},"s":{"a":0,"k":[100,100],"ix":3},"r":{"a":0,"k":0,"ix":6},"o":{"a":0,"k":100,"ix":7},"sk":{"a":0,"k":0,"ix":4},"sa":{"a":0,"k":0,"ix":5}}],"np":2,"cix":2,"ix":1,"hd":false},{"ty":"gr","it":[{"ind":0,"ty":"sh","ix":1,"ks":{"a":0,"k":{"i":[[0.4,0.4],[0,0],[0.4,-0.4],[0,0],[4.449,-2.914],[0.434,-0.579],[0,0],[-0.2,-0.2],[0,0],[-0.1,0.3],[0,0],[0.057,0.482],[2.739,4.168],[0,0]],"o":[[0,0],[-0.4,-0.4],[0,0],[-4.771,-2.427],[-0.646,-0.192],[0,0],[-0.2,0.3],[0,0],[0.3,0.2],[0,0],[0.366,-0.366],[2.135,-4.655],[0,0],[0.4,-0.4]],"v":[[-12.4,10],[-16.7,6.4],[-18.1,6.5],[-20.938,9.906],[-35.873,10.807],[-37.7,11.4],[-38.5,12.4],[-38.4,13.2],[-16.2,31.6],[-15.5,31.5],[-14.7,30.5],[-14.249,29.15],[-15.268,14.961],[-12.3,11.4]],"c":true},"ix":2},"hd":false},{"ty":"fl","c":{"a":0,"k":[0.258823543787,0.521568655968,0.956862747669,1],"ix":4},"o":{"a":0,"k":100,"ix":5},"r":1,"hd":false},{"ty":"tr","p":{"a":0,"k":[0,0],"ix":2},"a":{"a":0,"k":[0,0],"ix":1},"s":{"a":0,"k":[100,100],"ix":3},"r":{"a":0,"k":0,"ix":6},"o":{"a":0,"k":100,"ix":7},"sk":{"a":0,"k":0,"ix":4},"sa":{"a":0,"k":0,"ix":5}}],"np":2,"cix":2,"ix":2,"hd":false},{"ty":"gr","it":[{"ind":0,"ty":"sh","ix":1,"ks":{"a":0,"k":{"i":[[0,0],[0,0],[0,0],[-1,-0.8],[0,0],[0.8,-1]],"o":[[0,0],[0,0],[0.8,-1],[0,0],[1,0.8],[0,0]],"v":[[-16,13.9],[-19.6,10.9],[6,-20],[9.3,-20.3],[9.3,-20.3],[9.6,-17]],"c":true},"ix":2},"hd":false},{"ty":"fl","c":{"a":0,"k":[0.203921571374,0.658823549747,0.32549020648,1],"ix":4},"o":{"a":0,"k":100,"ix":5},"r":1,"hd":false},{"ty":"tr","p":{"a":0,"k":[0,0],"ix":2},"a":{"a":0,"k":[0,0],"ix":1},"s":{"a":0,"k":[100,100],"ix":3},"r":{"a":0,"k":0,"ix":6},"o":{"a":0,"k":100,"ix":7},"sk":{"a":0,"k":0,"ix":4},"sa":{"a":0,"k":0,"ix":5}}],"np":2,"cix":2,"ix":3,"hd":false},{"ty":"gr","it":[{"ind":0,"ty":"sh","ix":1,"ks":{"a":0,"k":{"i":[[0,0],[6.9,0.6],[0,0],[-1.4,0.4],[-1.1,0.9],[0,0]],"o":[[0,0],[0,0],[-1.1,-0.9],[1,-0.3],[3.7,-2.8],[0,0]],"v":[[-14.4,29.2],[-29.5,41.1],[-49.3,24.7],[-48.7,21.5],[-45.4,19.8],[-36.5,10.9]],"c":true},"ix":2},"hd":false},{"ty":"fl","c":{"a":0,"k":[0.980392158031,0.733333349228,0.019607843831,1],"ix":4},"o":{"a":0,"k":100,"ix":5},"r":1,"hd":false},{"ty":"tr","p":{"a":0,"k":[0,0],"ix":2},"a":{"a":0,"k":[0,0],"ix":1},"s":{"a":0,"k":[100,100],"ix":3},"r":{"a":0,"k":0,"ix":6},"o":{"a":0,"k":100,"ix":7},"sk":{"a":0,"k":0,"ix":4},"sa":{"a":0,"k":0,"ix":5}}],"np":2,"cix":2,"ix":4,"hd":false}],"ip":0,"op":121,"st":0,"bm":0},{"ddd":0,"ind":4,"ty":4,"sr":1,"ks":{"o":{"a":0,"k":100,"ix":11},"r":{"a":0,"k":0,"ix":10},"p":{"a":0,"k":[180,66.75,0],"ix":2},"a":{"a":0,"k":[-0.1,-4.25,0],"ix":1},"s":{"a":0,"k":[100,100,100],"ix":6}},"ao":0,"shapes":[{"ty":"gr","it":[{"ind":0,"ty":"sh","ix":1,"ks":{"a":1,"k":[{"i":{"x":0.2,"y":1},"o":{"x":0.4,"y":0},"n":"0p2_1_0p4_0","t":10,"s":[{"i":[[0,0],[0.2,0.5],[0,0],[-0.1,0.7],[-0.7,-0.1],[-2,-4.7],[0.7,-0.2]],"o":[[-0.6,0.1],[-1.4,-3.3],[-0.7,-0.1],[0.1,-0.7],[0.2,0],[0.3,0.6],[-0.2,-0.1]],"v":[[14.1,-32],[12.7,-32.7],[8.2,-36.4],[7.1,-37.8],[8.5,-38.9],[15.1,-33.6],[14.4,-32]],"c":true}],"e":[{"i":[[0,0],[0.2,0.5],[0,0],[-0.1,0.7],[-0.7,-0.1],[-2,-4.7],[0.7,-0.2]],"o":[[-0.6,0.1],[-1.4,-3.3],[-0.7,-0.1],[0.1,-0.7],[0.2,0],[0.3,0.6],[-0.2,-0.1]],"v":[[12.85,-32],[11.45,-32.7],[6.95,-36.4],[5.85,-37.8],[7.25,-38.9],[13.85,-33.6],[13.15,-32]],"c":true}]},{"i":{"x":0.2,"y":1},"o":{"x":0.4,"y":0},"n":"0p2_1_0p4_0","t":30,"s":[{"i":[[0,0],[0.2,0.5],[0,0],[-0.1,0.7],[-0.7,-0.1],[-2,-4.7],[0.7,-0.2]],"o":[[-0.6,0.1],[-1.4,-3.3],[-0.7,-0.1],[0.1,-0.7],[0.2,0],[0.3,0.6],[-0.2,-0.1]],"v":[[12.85,-32],[11.45,-32.7],[6.95,-36.4],[5.85,-37.8],[7.25,-38.9],[13.85,-33.6],[13.15,-32]],"c":true}],"e":[{"i":[[0,0],[0.2,0.5],[0,0],[-0.1,0.7],[-0.7,-0.1],[-2,-4.7],[0.7,-0.2]],"o":[[-0.6,0.1],[-1.4,-3.3],[-0.7,-0.1],[0.1,-0.7],[0.2,0],[0.3,0.6],[-0.2,-0.1]],"v":[[12.85,-32],[11.45,-32.7],[6.95,-36.4],[5.85,-37.8],[7.25,-38.9],[13.85,-33.6],[13.15,-32]],"c":true}]},{"i":{"x":0.2,"y":1},"o":{"x":0.4,"y":0},"n":"0p2_1_0p4_0","t":100,"s":[{"i":[[0,0],[0.2,0.5],[0,0],[-0.1,0.7],[-0.7,-0.1],[-2,-4.7],[0.7,-0.2]],"o":[[-0.6,0.1],[-1.4,-3.3],[-0.7,-0.1],[0.1,-0.7],[0.2,0],[0.3,0.6],[-0.2,-0.1]],"v":[[12.85,-32],[11.45,-32.7],[6.95,-36.4],[5.85,-37.8],[7.25,-38.9],[13.85,-33.6],[13.15,-32]],"c":true}],"e":[{"i":[[0,0],[0.2,0.5],[0,0],[-0.1,0.7],[-0.7,-0.1],[-2,-4.7],[0.7,-0.2]],"o":[[-0.6,0.1],[-1.4,-3.3],[-0.7,-0.1],[0.1,-0.7],[0.2,0],[0.3,0.6],[-0.2,-0.1]],"v":[[14.1,-32],[12.7,-32.7],[8.2,-36.4],[7.1,-37.8],[8.5,-38.9],[15.1,-33.6],[14.4,-32]],"c":true}]},{"t":115}],"ix":2},"hd":false},{"ty":"fl","c":{"a":0,"k":[0.890196084976,0.949019610882,0.992156863213,1],"ix":4},"o":{"a":0,"k":100,"ix":5},"r":1,"hd":false},{"ty":"tr","p":{"a":0,"k":[0,0],"ix":2},"a":{"a":0,"k":[0,0],"ix":1},"s":{"a":0,"k":[100,100],"ix":3},"r":{"a":0,"k":0,"ix":6},"o":{"a":0,"k":100,"ix":7},"sk":{"a":0,"k":0,"ix":4},"sa":{"a":0,"k":0,"ix":5}}],"np":2,"cix":2,"ix":1,"hd":false},{"ty":"gr","it":[{"ind":0,"ty":"sh","ix":1,"ks":{"a":1,"k":[{"i":{"x":0.2,"y":1},"o":{"x":0.4,"y":0},"n":"0p2_1_0p4_0","t":10,"s":[{"i":[[0,0],[0,0],[-1.9,0.6],[-0.2,1.6],[0,0]],"o":[[0,0],[0.6,2.2],[1.4,-0.4],[0.6,-4.2],[0,0]],"v":[[6.9,7.6],[8.9,14.5],[13.5,17.4],[16.1,14.2],[15.9,-3]],"c":true}],"e":[{"i":[[0,0],[0,0],[-1.469,1.346],[0.494,1.535],[0,0]],"o":[[0,0],[1.473,1.741],[1.1,-0.954],[-1.23,-4.06],[0,0]],"v":[[10.459,9.996],[15.186,15.406],[20.581,16.091],[21.586,12.093],[14.14,-3.413]],"c":true}]},{"i":{"x":0.2,"y":1},"o":{"x":0.4,"y":0},"n":"0p2_1_0p4_0","t":30,"s":[{"i":[[0,0],[0,0],[-1.469,1.346],[0.494,1.535],[0,0]],"o":[[0,0],[1.473,1.741],[1.1,-0.954],[-1.23,-4.06],[0,0]],"v":[[10.459,9.996],[15.186,15.406],[20.581,16.091],[21.586,12.093],[14.14,-3.413]],"c":true}],"e":[{"i":[[0,0],[0,0],[-1.469,1.346],[0.494,1.535],[0,0]],"o":[[0,0],[1.473,1.741],[1.1,-0.954],[-1.23,-4.06],[0,0]],"v":[[10.459,9.996],[15.186,15.406],[20.581,16.091],[21.586,12.093],[14.14,-3.413]],"c":true}]},{"i":{"x":0.2,"y":1},"o":{"x":0.4,"y":0},"n":"0p2_1_0p4_0","t":100,"s":[{"i":[[0,0],[0,0],[-1.469,1.346],[0.494,1.535],[0,0]],"o":[[0,0],[1.473,1.741],[1.1,-0.954],[-1.23,-4.06],[0,0]],"v":[[10.459,9.996],[15.186,15.406],[20.581,16.091],[21.586,12.093],[14.14,-3.413]],"c":true}],"e":[{"i":[[0,0],[0,0],[-1.9,0.6],[-0.2,1.6],[0,0]],"o":[[0,0],[0.6,2.2],[1.4,-0.4],[0.6,-4.2],[0,0]],"v":[[6.9,7.6],[8.9,14.5],[13.5,17.4],[16.1,14.2],[15.9,-3]],"c":true}]},{"t":115}],"ix":2},"hd":false},{"ty":"fl","c":{"a":0,"k":[0.819607853889,0.886274516582,0.992156863213,1],"ix":4},"o":{"a":0,"k":100,"ix":5},"r":1,"hd":false},{"ty":"tr","p":{"a":0,"k":[0,0],"ix":2},"a":{"a":0,"k":[0,0],"ix":1},"s":{"a":0,"k":[100,100],"ix":3},"r":{"a":0,"k":0,"ix":6},"o":{"a":0,"k":100,"ix":7},"sk":{"a":0,"k":0,"ix":4},"sa":{"a":0,"k":0,"ix":5}}],"np":2,"cix":2,"ix":2,"hd":false},{"ty":"gr","it":[{"ind":0,"ty":"sh","ix":1,"ks":{"a":0,"k":{"i":[[-1.7,-3.9],[-1.4,0],[0,2.2],[0,0],[0,0]],"o":[[0.6,1.4],[2,0],[0,0],[0,0],[0,0]],"v":[[-13,15.5],[-9.6,17.8],[-6,13.7],[-6,6.4],[-17.7,-1.1]],"c":true},"ix":2},"hd":false},{"ty":"fl","c":{"a":0,"k":[0.819607853889,0.886274516582,0.992156863213,1],"ix":4},"o":{"a":0,"k":100,"ix":5},"r":1,"hd":false},{"ty":"tr","p":{"a":0,"k":[0,0],"ix":2},"a":{"a":0,"k":[0,0],"ix":1},"s":{"a":0,"k":[100,100],"ix":3},"r":{"a":0,"k":0,"ix":6},"o":{"a":0,"k":100,"ix":7},"sk":{"a":0,"k":0,"ix":4},"sa":{"a":0,"k":0,"ix":5}}],"np":2,"cix":2,"ix":3,"hd":false},{"ty":"gr","it":[{"ty":"gr","it":[{"ind":0,"ty":"sh","ix":1,"ks":{"a":1,"k":[{"i":{"x":0.2,"y":1},"o":{"x":0.4,"y":0},"n":"0p2_1_0p4_0","t":10,"s":[{"i":[[6,14.3],[10.9,0],[3.9,-9.4],[0,0],[0,0],[-12.7,0],[-1.5,5.4],[0,0]],"o":[[-3.9,-9.4],[-10.9,0],[-5.9,14.3],[0,0],[1.6,5.5],[12.8,0],[0,0],[0,0]],"v":[[25,-26.4],[-0.2,-42.6],[-25.4,-26.4],[-25,1.3],[-25,1.3],[-0.2,11.1],[24.6,1.4],[24.6,1.4]],"c":true}],"e":[{"i":[[7.453,13.599],[10.841,-1.132],[2.883,-9.76],[0,0],[0,0],[-12.631,1.319],[-0.931,5.527],[0,0]],"o":[[-4.855,-8.944],[-10.841,1.132],[-4.382,14.836],[0,0],[2.163,5.304],[12.731,-1.33],[0,0],[0,0]],"v":[[21.757,-28.955],[-4.989,-42.45],[-28.37,-23.719],[-25.094,3.79],[-25.094,3.79],[0.59,10.96],[24.248,-1.264],[24.248,-1.264]],"c":true}]},{"i":{"x":0.2,"y":1},"o":{"x":0.4,"y":0},"n":"0p2_1_0p4_0","t":30,"s":[{"i":[[7.453,13.599],[10.841,-1.132],[2.883,-9.76],[0,0],[0,0],[-12.631,1.319],[-0.931,5.527],[0,0]],"o":[[-4.855,-8.944],[-10.841,1.132],[-4.382,14.836],[0,0],[2.163,5.304],[12.731,-1.33],[0,0],[0,0]],"v":[[21.757,-28.955],[-4.989,-42.45],[-28.37,-23.719],[-25.094,3.79],[-25.094,3.79],[0.59,10.96],[24.248,-1.264],[24.248,-1.264]],"c":true}],"e":[{"i":[[7.453,13.599],[10.841,-1.132],[2.883,-9.76],[0,0],[0,0],[-12.631,1.319],[-0.931,5.527],[0,0]],"o":[[-4.855,-8.944],[-10.841,1.132],[-4.382,14.836],[0,0],[2.163,5.304],[12.731,-1.33],[0,0],[0,0]],"v":[[21.757,-28.955],[-4.989,-42.45],[-28.37,-23.719],[-25.094,3.79],[-25.094,3.79],[0.59,10.96],[24.248,-1.264],[24.248,-1.264]],"c":true}]},{"i":{"x":0.2,"y":1},"o":{"x":0.4,"y":0},"n":"0p2_1_0p4_0","t":40,"s":[{"i":[[7.453,13.599],[10.841,-1.132],[2.883,-9.76],[0,0],[0,0],[-12.631,1.319],[-0.931,5.527],[0,0]],"o":[[-4.855,-8.944],[-10.841,1.132],[-4.382,14.836],[0,0],[2.163,5.304],[12.731,-1.33],[0,0],[0,0]],"v":[[21.757,-28.955],[-4.989,-42.45],[-28.37,-23.719],[-25.094,3.79],[-25.094,3.79],[0.59,10.96],[24.248,-1.264],[24.248,-1.264]],"c":true}],"e":[{"i":[[7.453,13.599],[10.841,-1.132],[2.883,-9.76],[0,0],[0,0],[-12.631,1.319],[-0.931,5.527],[0,0]],"o":[[-4.855,-8.944],[-10.841,1.132],[-4.382,14.836],[0,0],[2.163,5.304],[12.731,-1.33],[0,0],[0,0]],"v":[[21.757,-28.33],[-4.989,-41.825],[-28.37,-23.094],[-25.094,4.415],[-25.094,4.415],[0.59,11.585],[24.248,-0.639],[24.248,-0.639]],"c":true}]},{"i":{"x":0.2,"y":1},"o":{"x":0.4,"y":0},"n":"0p2_1_0p4_0","t":50,"s":[{"i":[[7.453,13.599],[10.841,-1.132],[2.883,-9.76],[0,0],[0,0],[-12.631,1.319],[-0.931,5.527],[0,0]],"o":[[-4.855,-8.944],[-10.841,1.132],[-4.382,14.836],[0,0],[2.163,5.304],[12.731,-1.33],[0,0],[0,0]],"v":[[21.757,-28.33],[-4.989,-41.825],[-28.37,-23.094],[-25.094,4.415],[-25.094,4.415],[0.59,11.585],[24.248,-0.639],[24.248,-0.639]],"c":true}],"e":[{"i":[[7.453,13.599],[10.841,-1.132],[2.883,-9.76],[0,0],[0,0],[-12.631,1.319],[-0.931,5.527],[0,0]],"o":[[-4.855,-8.944],[-10.841,1.132],[-4.382,14.836],[0,0],[2.163,5.304],[12.731,-1.33],[0,0],[0,0]],"v":[[21.757,-28.955],[-4.989,-42.45],[-28.37,-23.719],[-25.094,3.79],[-25.094,3.79],[0.59,10.96],[24.248,-1.264],[24.248,-1.264]],"c":true}]},{"i":{"x":0.2,"y":1},"o":{"x":0.4,"y":0},"n":"0p2_1_0p4_0","t":65,"s":[{"i":[[7.453,13.599],[10.841,-1.132],[2.883,-9.76],[0,0],[0,0],[-12.631,1.319],[-0.931,5.527],[0,0]],"o":[[-4.855,-8.944],[-10.841,1.132],[-4.382,14.836],[0,0],[2.163,5.304],[12.731,-1.33],[0,0],[0,0]],"v":[[21.757,-28.955],[-4.989,-42.45],[-28.37,-23.719],[-25.094,3.79],[-25.094,3.79],[0.59,10.96],[24.248,-1.264],[24.248,-1.264]],"c":true}],"e":[{"i":[[7.453,13.599],[10.841,-1.132],[2.883,-9.76],[0,0],[0,0],[-12.631,1.319],[-0.931,5.527],[0,0]],"o":[[-4.855,-8.944],[-10.841,1.132],[-4.382,14.836],[0,0],[2.163,5.304],[12.731,-1.33],[0,0],[0,0]],"v":[[21.757,-28.33],[-4.989,-41.825],[-28.37,-23.094],[-25.094,4.415],[-25.094,4.415],[0.59,11.585],[24.248,-0.639],[24.248,-0.639]],"c":true}]},{"i":{"x":0.2,"y":1},"o":{"x":0.4,"y":0},"n":"0p2_1_0p4_0","t":75,"s":[{"i":[[7.453,13.599],[10.841,-1.132],[2.883,-9.76],[0,0],[0,0],[-12.631,1.319],[-0.931,5.527],[0,0]],"o":[[-4.855,-8.944],[-10.841,1.132],[-4.382,14.836],[0,0],[2.163,5.304],[12.731,-1.33],[0,0],[0,0]],"v":[[21.757,-28.33],[-4.989,-41.825],[-28.37,-23.094],[-25.094,4.415],[-25.094,4.415],[0.59,11.585],[24.248,-0.639],[24.248,-0.639]],"c":true}],"e":[{"i":[[7.453,13.599],[10.841,-1.132],[2.883,-9.76],[0,0],[0,0],[-12.631,1.319],[-0.931,5.527],[0,0]],"o":[[-4.855,-8.944],[-10.841,1.132],[-4.382,14.836],[0,0],[2.163,5.304],[12.731,-1.33],[0,0],[0,0]],"v":[[21.757,-28.955],[-4.989,-42.45],[-28.37,-23.719],[-25.094,3.79],[-25.094,3.79],[0.59,10.96],[24.248,-1.264],[24.248,-1.264]],"c":true}]},{"i":{"x":0.2,"y":1},"o":{"x":0.4,"y":0},"n":"0p2_1_0p4_0","t":100,"s":[{"i":[[7.453,13.599],[10.841,-1.132],[2.883,-9.76],[0,0],[0,0],[-12.631,1.319],[-0.931,5.527],[0,0]],"o":[[-4.855,-8.944],[-10.841,1.132],[-4.382,14.836],[0,0],[2.163,5.304],[12.731,-1.33],[0,0],[0,0]],"v":[[21.757,-28.955],[-4.989,-42.45],[-28.37,-23.719],[-25.094,3.79],[-25.094,3.79],[0.59,10.96],[24.248,-1.264],[24.248,-1.264]],"c":true}],"e":[{"i":[[6,14.3],[10.9,0],[3.9,-9.4],[0,0],[0,0],[-12.7,0],[-1.5,5.4],[0,0]],"o":[[-3.9,-9.4],[-10.9,0],[-5.9,14.3],[0,0],[1.6,5.5],[12.8,0],[0,0],[0,0]],"v":[[25,-26.4],[-0.2,-42.6],[-25.4,-26.4],[-25,1.3],[-25,1.3],[-0.2,11.1],[24.6,1.4],[24.6,1.4]],"c":true}]},{"t":115}],"ix":2},"hd":false},{"ty":"fl","c":{"a":0,"k":[0.819607853889,0.886274516582,0.992156863213,1],"ix":4},"o":{"a":0,"k":100,"ix":5},"r":1,"hd":false},{"ty":"tr","p":{"a":0,"k":[0,0],"ix":2},"a":{"a":0,"k":[0,0],"ix":1},"s":{"a":0,"k":[100,100],"ix":3},"r":{"a":0,"k":0,"ix":6},"o":{"a":0,"k":100,"ix":7},"sk":{"a":0,"k":0,"ix":4},"sa":{"a":0,"k":0,"ix":5}}],"np":2,"cix":2,"ix":1,"hd":false},{"ty":"tr","p":{"a":0,"k":[0,0],"ix":2},"a":{"a":0,"k":[0,0],"ix":1},"s":{"a":0,"k":[100,100],"ix":3},"r":{"a":0,"k":0,"ix":6},"o":{"a":0,"k":100,"ix":7},"sk":{"a":0,"k":0,"ix":4},"sa":{"a":0,"k":0,"ix":5}}],"np":1,"cix":2,"ix":4,"hd":false},{"ty":"gr","it":[{"d":1,"ty":"el","s":{"a":0,"k":[74.8,12.2],"ix":2},"p":{"a":0,"k":[0,0],"ix":3},"hd":false},{"ty":"fl","c":{"a":0,"k":[0.960784316063,0.960784316063,0.960784316063,1],"ix":4},"o":{"a":0,"k":100,"ix":5},"r":1,"hd":false},{"ty":"tr","p":{"a":1,"k":[{"i":{"x":0.2,"y":1},"o":{"x":0.4,"y":0},"n":"0p2_1_0p4_0","t":10,"s":[1.5,17.6],"e":[-1.5,17.6],"to":[-0.5,0],"ti":[0.5,0]},{"i":{"x":0.2,"y":0.2},"o":{"x":0.4,"y":0.4},"n":"0p2_0p2_0p4_0p4","t":30,"s":[-1.5,17.6],"e":[-1.5,17.6],"to":[0,0],"ti":[0,0]},{"i":{"x":0.2,"y":1},"o":{"x":0.4,"y":0},"n":"0p2_1_0p4_0","t":100,"s":[-1.5,17.6],"e":[1.5,17.6],"to":[0.5,0],"ti":[-0.5,0]},{"t":115}],"ix":2},"a":{"a":0,"k":[0,0],"ix":1},"s":{"a":0,"k":[100,100],"ix":3},"r":{"a":0,"k":0,"ix":6},"o":{"a":0,"k":100,"ix":7},"sk":{"a":0,"k":0,"ix":4},"sa":{"a":0,"k":0,"ix":5}}],"np":2,"cix":2,"ix":5,"hd":false}],"ip":0,"op":121,"st":0,"bm":0},{"ddd":0,"ind":5,"ty":4,"sr":1,"ks":{"o":{"a":0,"k":100,"ix":11},"r":{"a":0,"k":0,"ix":10},"p":{"a":0,"k":[180,71,0],"ix":2},"a":{"a":0,"k":[0.5,0.3,0],"ix":1},"s":{"a":0,"k":[100,100,100],"ix":6}},"ao":0,"shapes":[{"ty":"gr","it":[{"ty":"rc","d":1,"s":{"a":0,"k":[360,54],"ix":2},"p":{"a":0,"k":[0,0],"ix":3},"r":{"a":0,"k":0,"ix":4},"hd":false},{"ty":"fl","c":{"a":0,"k":[0.992156863213,0.992156863213,0.992156863213,1],"ix":4},"o":{"a":0,"k":100,"ix":5},"r":1,"hd":false},{"ty":"tr","p":{"a":0,"k":[0.5,30.4],"ix":2},"a":{"a":0,"k":[0,0],"ix":1},"s":{"a":0,"k":[100,100],"ix":3},"r":{"a":0,"k":0,"ix":6},"o":{"a":0,"k":100,"ix":7},"sk":{"a":0,"k":0,"ix":4},"sa":{"a":0,"k":0,"ix":5}}],"np":2,"cix":2,"ix":1,"hd":false},{"ty":"gr","it":[{"ind":0,"ty":"sh","ix":1,"ks":{"a":0,"k":{"i":[[3.7,0],[0,-3.6],[0,0],[0.8,0],[0,0],[0.7,-0.2],[0,0],[3.6,0],[0,0],[0,-3.6],[0,0],[-3.6,0],[0,0],[0,0],[0,3.6],[0,0]],"o":[[-3.7,0],[0,0],[-0.7,-0.2],[0,0],[-0.8,0],[0,0],[0,-3.7],[0,0],[-3.7,0],[0,0],[0,3.7],[0,0],[0,0],[3.7,0],[0,0],[0,-3.7]],"v":[[-100.4,-22.7],[-107,-16.1],[-107,-11.9],[-109.3,-12.2],[-129,-12.2],[-131.3,-11.9],[-131.3,-16.1],[-137.9,-22.7],[-137.9,-22.7],[-144.5,-16.1],[-144.5,-3.248],[-137.9,3.352],[-137.9,3.352],[-100.4,3.352],[-93.8,-3.248],[-93.8,-16.1]],"c":true},"ix":2},"hd":false},{"ty":"fl","c":{"a":0,"k":[0.933333337307,0.933333337307,0.933333337307,1],"ix":4},"o":{"a":0,"k":100,"ix":5},"r":1,"hd":false},{"ty":"tr","p":{"a":0,"k":[0,0],"ix":2},"a":{"a":0,"k":[0,0],"ix":1},"s":{"a":0,"k":[100,100],"ix":3},"r":{"a":0,"k":0,"ix":6},"o":{"a":0,"k":100,"ix":7},"sk":{"a":0,"k":0,"ix":4},"sa":{"a":0,"k":0,"ix":5}}],"np":2,"cix":2,"ix":2,"hd":false},{"ty":"gr","it":[{"ind":0,"ty":"sh","ix":1,"ks":{"a":0,"k":{"i":[[4.9,0],[0,0],[0,-4.9],[0,0],[0,0],[0,0]],"o":[[0,0],[-4.9,0],[0,0],[0,0],[0,0],[0,-4.9]],"v":[[-109.3,-29],[-129,-29],[-137.9,-20.1],[-137.9,-11.2],[-100.4,-11.2],[-100.4,-20.1]],"c":true},"ix":2},"hd":false},{"ty":"fl","c":{"a":0,"k":[0.878431379795,0.878431379795,0.878431379795,1],"ix":4},"o":{"a":0,"k":100,"ix":5},"r":1,"hd":false},{"ty":"tr","p":{"a":0,"k":[0,0],"ix":2},"a":{"a":0,"k":[0,0],"ix":1},"s":{"a":0,"k":[100,100],"ix":3},"r":{"a":0,"k":0,"ix":6},"o":{"a":0,"k":100,"ix":7},"sk":{"a":0,"k":0,"ix":4},"sa":{"a":0,"k":0,"ix":5}}],"np":2,"cix":2,"ix":3,"hd":false}],"ip":0,"op":121,"st":0,"bm":0},{"ddd":0,"ind":6,"ty":4,"sr":1,"ks":{"o":{"a":0,"k":100,"ix":11},"r":{"a":0,"k":0,"ix":10},"p":{"a":0,"k":[297.95,43.6,0],"ix":2},"a":{"a":0,"k":[117.95,-26.4,0],"ix":1},"s":{"a":0,"k":[100,100,100],"ix":6}},"ao":0,"shapes":[{"ty":"gr","it":[{"ind":0,"ty":"sh","ix":1,"ks":{"a":0,"k":{"i":[[0.6,0],[0,0],[0,0],[0,0],[0,0],[0,0],[0,-0.6],[-0.6,0],[0,0],[0,0.6]],"o":[[0,0],[0,0],[0,0],[0,0],[0,0],[-0.5,0],[0,0.5],[0,0],[0.5,0],[0,-0.5]],"v":[[126.5,2],[118.8,2],[118.8,-32.4],[116.8,-32.4],[116.8,2],[109.3,2],[108.3,3],[109.3,4],[126.5,4],[127.5,3]],"c":true},"ix":2},"hd":false},{"ty":"fl","c":{"a":0,"k":[0.878431379795,0.878431379795,0.878431379795,1],"ix":4},"o":{"a":0,"k":100,"ix":5},"r":1,"hd":false},{"ty":"tr","p":{"a":0,"k":[0,0],"ix":2},"a":{"a":0,"k":[0,0],"ix":1},"s":{"a":0,"k":[100,100],"ix":3},"r":{"a":0,"k":0,"ix":6},"o":{"a":0,"k":100,"ix":7},"sk":{"a":0,"k":0,"ix":4},"sa":{"a":0,"k":0,"ix":5}}],"np":2,"cix":2,"ix":1,"hd":false},{"ty":"gr","it":[{"ind":0,"ty":"sh","ix":1,"ks":{"a":0,"k":{"i":[[0,0],[0,0],[0,0],[0,0]],"o":[[0,0],[0,0],[0,0],[0,0]],"v":[[130.2,-56.8],[105.3,-56.8],[103.5,-32.4],[132.4,-32.4]],"c":true},"ix":2},"hd":false},{"ty":"fl","c":{"a":0,"k":[0.960784316063,0.960784316063,0.960784316063,1],"ix":4},"o":{"a":0,"k":100,"ix":5},"r":1,"hd":false},{"ty":"tr","p":{"a":0,"k":[0,0],"ix":2},"a":{"a":0,"k":[0,0],"ix":1},"s":{"a":0,"k":[100,100],"ix":3},"r":{"a":0,"k":0,"ix":6},"o":{"a":0,"k":100,"ix":7},"sk":{"a":0,"k":0,"ix":4},"sa":{"a":0,"k":0,"ix":5}}],"np":2,"cix":2,"ix":2,"hd":false}],"ip":0,"op":121,"st":0,"bm":0}],"markers":[]}